{
  "project_info": {
    "project_number": "172857493806",
    "project_id": "bladder-bud",
    "storage_bucket": "bladder-bud.appspot.com"
  },
  "client": [
    {
      "client_info": {
        "mobilesdk_app_id": "1:172857493806:android:24a7c7e48347c2d91d52bf",
        "android_client_info": {
          "package_name": "com.aliensofts.bladderbud.bladder_bud"
        }
      },
      "oauth_client": [
        {
          "client_id": "172857493806-oj9ji4fg8h4h0p7uvthnb84jqelst0sp.apps.googleusercontent.com",
          "client_type": 1,
          "android_info": {
            "package_name": "com.aliensofts.bladderbud.bladder_bud",
            "certificate_hash": "7e195466e38a3cb9504e511714aa654832cfe361"
          }
        },
        {
          "client_id": "172857493806-0mbf32o71cnkgj75uiqj23r4ptv9qjoj.apps.googleusercontent.com",
          "client_type": 3
        }
      ],
      "api_key": [
        {
          "current_key": "AIzaSyABIN_hHT6gn86tHbs2splcvRdE7g3h-fs"
        }
      ],
      "services": {
        "appinvite_service": {
          "other_platform_oauth_client": [
            {
              "client_id": "172857493806-0mbf32o71cnkgj75uiqj23r4ptv9qjoj.apps.googleusercontent.com",
              "client_type": 3
            }
          ]
        }
      }
    }
  ],
  "configuration_version": "1"
}