{
  "project_info": {
    "project_number": "730702183131",
    "project_id": "noteapp-4a76c",
    "storage_bucket": "noteapp-4a76c.appspot.com"
  },
  "client": [
    {
      "client_info": {
        "mobilesdk_app_id": "1:730702183131:android:294d206cab5ecb7f132afe",
        "android_client_info": {
          "package_name": "com.example.note_app"
        }
      },
      "oauth_client": [],
      "api_key": [
        {
          "current_key": "AIzaSyABS01uNusS7aFEtZRDC-RIWYlTlpe4VpI"
        }
      ],
      "services": {
        "appinvite_service": {
          "other_platform_oauth_client": []
        }
      }
    }
  ],
  "configuration_version": "1"
}