{
  "project_info": {
    "project_number": "13251742896",
    "firebase_url": "https://tweet-up-d5460-default-rtdb.asia-southeast1.firebasedatabase.app",
    "project_id": "tweet-up-d5460",
    "storage_bucket": "tweet-up-d5460.appspot.com"
  },
  "client": [
    {
      "client_info": {
        "mobilesdk_app_id": "1:13251742896:android:915bbc102e66114b87ff75",
        "android_client_info": {
          "package_name": "com.mehroz_h.tweet_up"
        }
      },
      "oauth_client": [
        {
          "client_id": "13251742896-hnvq0guqvf77ajf9liqlkcct417itbr2.apps.googleusercontent.com",
          "client_type": 1,
          "android_info": {
            "package_name": "com.mehroz_h.tweet_up",
            "certificate_hash": "bb4de42416323d246f2bc659ee69e97ccacc0afd"
          }
        },
        {
          "client_id": "13251742896-6egde6noni04acm02asc068747e7qibg.apps.googleusercontent.com",
          "client_type": 3
        }
      ],
      "api_key": [
        {
          "current_key": "AIzaSyC0_iv3vLAN1dI021c3eBrv7dCMw1bxi88"
        }
      ],
      "services": {
        "appinvite_service": {
          "other_platform_oauth_client": [
            {
              "client_id": "13251742896-6egde6noni04acm02asc068747e7qibg.apps.googleusercontent.com",
              "client_type": 3
            }
          ]
        }
      }
    }
  ],
  "configuration_version": "1"
}